NAME,COUNTY,LATITUDE,LONGITUDE,ELEVATION,NETWORK,ABBR,OPER_NAME,FW13_NUM
Alma 5SE,Waubansee,38.966150,-96.206300,428.000000,KSRE,Alma 5SE,Alma 5SE,000000
Ashland 8S,Clark,37.064758,-99.751090,562.000000,KSRE,ASUK1,Ashland 8S,140201
Ashland Bottoms,Riley,39.125773,-96.636530,324.612000,KSRE,ASBK1,Ashland Bottoms,142201
Belleville 2W,Republic,39.814090,-97.675093,471.000000,KSRE,BVMK1,Belleville 2W,140301
Bennington 3N,Ottawa,39.073800,-97.586200,392.000000,KSRE,,Bennington 3N,000000
Bentley 2S GMD,Sedgwick,37.853860,-97.533110,422.000000,KSRE,,Bentley 2S GMD,000000
Bunker Hill 3NE,Russell,38.912820,-98.673800,546.000000,KSRE,,Bunker Hill 3NE,142501
Butler,Butler,37.804310,-96.883060,400.812000,KSRE,EDCK1,Butler College,146901
Cairo,Pratt,37.650257,-98.555130,524.865600,BBW,WCAK1,Cairo,000003
Cherokee,Cherokee,37.198980,-94.980900,263.350000,KSRE,CRKK1,Cherokee,149902
Cheyenne,Cheyenne,39.626470,-101.807490,1113.739200,KSRE,KCNK1,Saint Francis 10S,140101
CheyenneTower,Cheyenne,39.633333,-101.815833,1113.739200,KSRE,KCNK1,Saint Francis 10S,140101
Clay,Clay,39.417960,-97.139770,388.315200,KSRE,CKMK1,Clay Center,142101
Colby,Thomas,39.392470,-101.068640,972.312000,KSRE,LBYK1,Colby,141401
Corning 2NW,Nemaha,39.688300,-96.051800,410.000000,KSRE,CORK1,Corning 2NW,144908
Cullison,Pratt,37.630581,-98.905373,620.877600,BBW,WCUK1,Cullison,000008
Cummings 3NW,Atchison,39.498650,-95.285400,330.000000,KSRE,00000,Cummings 3NW,000000
Denmark 1NW,Lincoln,39.102230,-98.297020,446.000000,KSRE,,Denmark 1NW,000000
East Sedgwick,Sedgwick,37.871000,-97.205000,427.024800,,,,000009
Ekdahl Green Roof,Riley,39.190000,-93.580000,330.000000,KSRE,,EkdahlGreenRoof,000000
Elmdale 1SE,Chase,38.362520,-96.618227,406.000000,KSRE,EMLK1,Elmdale 1SE,145291
Flickner Tech Farm,McPherson,38.203408,-97.572003,447.000000,KSRE,,Flickner Tech Farm,000080
Garden City,Finney,37.997330,-100.815140,882.091200,KSRE,GCUK1,Garden City,146301
Goodland Tech Farm,Sherman,39.365460,-101.696830,1112.000000,KSRE,,GoodlandTechFarm,141303
Gove 5SE,Gove,38.916100,-100.396000,781.000000,KSRE,OVEK1,Gove 5SE,148801
Grant,Grant,37.649620,-101.366370,934.212000,KSRE,GTUK1,Ulysses,147501
Gray,Gray,37.791570,-100.297340,794.308800,KSRE,GYUK1,Montezuma,147701
Great Bend,Barton,38.364452,-98.764809,585.825600,BBW,WGBK1,Great Bend,000013
Greensburg,Kiowa,37.602798,-99.292610,681.228000,BBW,WGRK1,Greensburg,000014
Gypsum,Saline,38.725220,-97.444150,373.000000,KSRE,GYMK1,Gypsum 1NW,144901
Hamilton,Hamilton,37.976350,-101.769000,987.999000,KSRE,HMUK1,Syracuse,146101
Harper,Harper,37.064780,-98.084730,427.634400,KSRE,ANTK1,Anthony 7SW,149101
Harvey,Harvey,38.140699,-97.642002,441.045600,EBW,ATMK1,Alta Mills,000018
Haskell,Haskell,37.659160,-101.026700,934.821600,KSRE,,Sublette 16NW,147601
Hays,Ellis,38.849450,-99.344610,618.744000,KSRE,HYUK1,Hays,143101
Haysville,Sedgwick,37.519775,-97.312143,378.428000,KSRE,HSVK1,Haysville,148302
Haysville 3SE,Sedgwick,37.519775,-97.312143,378.428000,KSRE,HSVK1,Haysville 3SE,148302
Hesston,Harvey,38.133300,-97.400000,457.200000,,,,000022
Hiawatha,Brown,39.842380,-95.481870,308.461000,KSRE,HIMK1,Hiawatha,141201
Hill City,Graham,39.374120,-99.829870,665.086000,KSRE,HCYK1,Hill City,141601
Hodgeman,Hodgeman,38.100670,-99.901600,715.975200,KSRE,KJTK1,Jetmore 1NNW,146401
HodgemanTower,Hodgeman,38.100670,-99.901600,715.975200,KSRE,KJTK1,Jetmore 1NNW,000000
Hoisington 4S,Barton,38.452450,-98.793600,508.000000,KSRE,,Hoisington 4S,140601
Howard 14NW,Elk,37.550050,-96.491330,480.000000,KSRE,HODK1,Howard 14NW,148901
Hutchinson,Reno,37.930990,-98.027080,465.124800,EBW,PRGK1,Partridge,000026
Hutchinson 10SW,Reno,37.930970,-98.020000,468.800000,KSRE,HINK1,Hutchinson,146701
Hutchinson 1NW GMD,Reno,38.086180,-97.968090,473.000000,KSRE,,Hutchinson 1NW GMD,146702
Jewell,Jewell,39.683420,-98.213060,540.105600,KSRE,JEWK1,Jewell,140701
Kinsley 6S,Edwards,37.839110,-99.431090,675.000000,KSRE,,Kinsley 6S,141101
Konza Prairie,Riley,39.088400,-96.545800,435.600000,KSRE,,RL.KonzaPrairie,000000
La Crosse,Rush,38.540970,-99.280500,625.666000,KSRE,LCRK1,La Crosse,144601
Lake City,Barber,37.309108,-98.793556,509.300000,KSRE,LCUK1,Lake City 3SE,149001
Lakin,Kearny,37.893682,-101.232583,912.865000,KSRE,LKUK1,Lakin 3SSE,146201
Lane,Lane,38.508770,-100.614690,872.365000,KSRE,LNUK1,Dighton 8WNW,144401
Larned 6SW,Pawnee,38.129200,-99.184920,619.000000,KSRE,,Larned 6SW,000000
Lebanon 2SW,Smith,39.798450,-98.587230,541.000000,KSRE,,,000000
Leoti,Wichita,38.483360,-101.327720,1001.572800,KSRE,KWHK1,Leoti,144201
Lewis,Edwards,37.936127,-99.252609,828.141600,BBW,WLEK1,Lewis,000034
Little River 2W,Rice,38.392510,-98.049060,515.000000,KSRE,,Little River 2W,142001
Lorraine,Ellsworth,38.557980,-98.352030,542.000000,KSRE,LORK1,Lorraine 2SW,144801
Ludell 3N,Rawlins,39.902230,-100.962910,917.000000,KSRE,LUEK1,Ludell 3N,141701
Macksville,Stafford,37.959187,-98.968704,620.268000,BBW,WMCK1,Macksville,000036
Manhattan,Riley,39.208570,-96.591690,332.232000,KSRE,MTNK1,Manhattan,142202
Mayetta 6W,Jackson,39.343200,-95.853920,359.000000,KSRE,,Mayetta 6W,000000
McPherson,McPherson,38.364260,-97.699999,451.104000,EBW,MPRK1,McPherson,000038
McPherson 1S,McPherson,38.345030,-97.663311,453.000000,KSRE,MCHK1,McPherson 1S,145101
Meade,Meade,37.134840,-100.395610,717.804000,KSRE,MEUK1,Meade 11N,148701
Miami,Miami,38.592280,-94.847860,291.388800,KSRE,POLK1,Paola 2NE,145701
Mitchell,Mitchell,39.437120,-98.210010,453.237600,KSRE,BEOK1,Mitchell,141901
Mobile_Station,Mobile,37.773344,-100.952989,894.087000,,,,000043
Moscow 10NW,Stevens,37.373222,-101.378416,947.000000,KSRE,SVUK1,Moscow 10NW,148501
Mount Hope 3NE,Sedgwick,37.897700,-97.628860,448.000000,KSRE,MTPK1,Mount Hope 3NE,000000
Mount Hope 3NE GMD,Sedgwick,37.897700,-97.628860,448.000000,KSRE,MTPK1,Mount Hope 3NE GMD,148303
Ness City,Ness,38.386119,-99.855547,678.000000,KSRE,NSUK1,Ness City 5SE,144501
North Reno,Reno,38.122035,-98.009244,484.936800,EBW,WOBK1,Willowbrook 2NW,000045
Norton 4SW,Norton,39.805750,-99.969210,720.000000,KSRE,NRRK1,,147901
Oberlin 7NE,Decatur,39.898100,-100.441300,789.000000,KSRE,OBRK1,Oberlin 7NE,148001
Olathe,Johnson,38.883030,-94.991100,283.625000,KSRE,OLZK1,Olathe,149903
Osage,Osage,38.697040,-95.608590,302.056800,KSRE,PMSK1,Pomona Lake,000047
Osborne,Osborne,39.454380,-98.703480,490.118400,KSRE,OSNK1,Osborne,141801
Oskaloosa 1SE,Jefferson,39.205800,-95.308400,345.000000,KSRE,OSKK1,Oskaloosa1SE,148101
Ottawa,Franklin,38.539140,-95.248100,299.313600,KSRE,OAWK1,Ottawa,000049
Ottawa 2SE,Franklin,38.542680,-95.246470,295.000000,KSRE,OAWK1,Ottawa,145601
Overbrook,Osage,38.716584,-95.516262,340.000000,KSRE,PMSK1,Overbrook,145501
Parsons,Labette,37.368750,-95.287710,287.731200,KSRE,PASK1,Parsons,149901
Phillipsburg 1SW,Phillips,39.741700,-99.353000,587.000000,KSRE,PHGK1,Phillispburg1SW,140402
Plainville 5N,Rooks,39.321510,-99.294240,611.000000,KSRE,,Plainville 5N,142401
Powhattan,Brown,39.800000,-95.800000,365.760000,,,,000053
Pretty Prairie,Reno,37.777380,-98.029120,478.000000,KSRE,PTPK1,Pretty Prairie,000000
Pretty Prairie GMD,Reno,37.777380,-98.029120,478.000000,KSRE,PTPK1,Pretty Prairie GMD,146702
Radium,Stafford,38.174187,-98.893433,602.894400,BBW,WRAK1,Radium,000054
Richfield,Morton,37.258740,-101.791950,1045.540000,KSRE,RFUK1,Richfield 1SW,148402
Rock Springs,Dickinson,38.866853,-96.902869,374.000000,KSRE,RKSK1,Rock Springs,143501
Rocky Ford,Riley,39.231640,-96.580490,318.121000,KSRE,RKFK1,Rocky Ford,142203
Rossville,Shawnee,39.116380,-95.925980,276.453600,KSRE,RSVK1,Rossville,000000
Rossville 2SE,Shawnee,39.116610,-95.915720,276.453600,KSRE,RSVK1,Rossville,143902
Roth Tech Farm,Finney,38.035610,-101.030800,895.807200,KSRE,,,000000
Rozel,Pawnee,38.195847,-99.403168,631.850400,BBW,WROK1,Rozel,000059
Russell Springs 3SW,Logan,38.886300,-101.222000,939.000000,KSRE,USSK1,RussellSprings3SW,149905
Satanta,Seward,37.305390,-100.887170,879.620000,KSRE,SAUK1,Satanta 11SE,149904
Scandia,Republic,39.828640,-97.838940,457.200000,KSRE,SCAK1,Scandia,140801
Scott,Scott,38.534669,-100.730783,890.016000,,,,000062
Scott City 3SE,Scott,38.465548,-100.849959,905.000000,KSRE,SYUK1,Scott City 3SE,142601
Sedan,Chautauqua,37.165000,-96.228000,302.971200,KSRE,SEAK1,Sedan 4NW,149801
Sedgwick,Sedgwick,37.890235,-97.632127,431.596800,EBW,MTPK1,MT Hope 2NE,000064
Seguin 3E,Sheridan,39.336850,-100.530520,844.000000,KSRE,,Seguin 3E,141501
Sheridan,Sheridan,39.357360,-100.610460,883.005600,KSRE,KSDK1,Hoxie 9W,141501
Sherman,Sherman,39.281250,-101.819360,1155.801600,KSRE,KSHK1,Goodland 8SW,141302
Silver Lake,Shawnee,39.077880,-95.770590,270.662400,KSRE,SLKK1,Silver Lake,000000
Silver Lake 4E,Shawnee,39.092130,-95.781530,274.000000,KSRE,SLKK1,Silver Lake 4E,143903
South Reno,Reno,37.798516,-98.005140,477.012000,EBW,PTPK1,Pretty Prairie,000068
Spearville,Ford,37.902454,-99.869524,706.883000,KSRE,SPUK1,Spearville,147801
St John,Stafford,37.957100,-98.748130,586.740000,KSRE,STJK1,St. John,000000
St John 1NW,Stafford,38.014256,-98.775066,578.000000,KSRE,STJK1,St. John,146602
Stafford,Stafford,37.962234,-98.600639,566.318400,BBW,WSFK1,Stafford,000071
Stanton,Stanton,37.613550,-101.728380,999.744000,KSRE,STUK1,Johnson City 2N,147402
Sterling,Rice,38.210011,-98.207008,499.872000,BBW,WSTK1,Sterling,000073
Stevens,Stevens,37.351860,-101.355480,947.318400,KSRE,SVUK1,Hugoton 10ENE,148501
Sublette 10NE,Haskell,37.623260,-100.780770,887.000000,KSRE,,Sublette 10NE,000000
Sublette 1E,Haskell,37.490035,-100.818246,886.000000,KSRE,HSUK1,Sublette 1E,147601
Tribune,Greeley,38.466250,-101.775220,1108.566000,KSRE,TUNK1,Tribune,144101
Tribune 6NE,Greeley,38.530410,-101.664340,1098.000000,KSRE,TNEK1,Tribune 6NE,144102
Uniontown 3NW,Bourbon,37.881500,-95.008200,324.000000,KSRE,UNNK1,Uniontown 3NW,141001
Viola,Sumner,37.459720,-97.624690,413.491680,KSRE,VIOK1,Viola 2SW,149201
WaKeeney,Trego,39.022800,-99.866900,749.000000,KSRE,WKUK1,Wakeeney,142801
Wallace,Wallace,38.819800,-101.852990,1130.198400,KSRE,KWLK1,Sharon Springs 8SW,142701
Washington,Washington,39.782293,-97.054804,418.613000,KSRE,WMNK1,Washington,140901
Welda 3E,Anderson,38.175660,-95.242040,353.000000,KSRE,,Weld 3E,140501
Willis Tech Farm,Finney,37.773640,-100.952020,894.087000,KSRE,,,000043
Woodson,Woodson,37.861200,-95.783600,338.023200,KSRE,YACK1,Yates Center,147101